LIFNR,LIFGROUP
11,EV Parts Inc.
12,EV Parts Inc.
13,EV Parts Inc.
14,EV Parts Inc.
15,EV Parts Inc.
16,EV Parts Inc.
17,EV Parts Inc.
21,WaveCrest Labs
22,WaveCrest Labs
23,WaveCrest Labs
24,WaveCrest Labs
25,WaveCrest Labs
26,WaveCrest Labs
27,WaveCrest Labs
31,"TechGroup, Inc"
32,"TechGroup, Inc"
33,"TechGroup, Inc"
34,"TechGroup, Inc"
35,"TechGroup, Inc"
36,"TechGroup, Inc"
37,"TechGroup, Inc"
41,"LabSupply, Inc"
42,"LabSupply, Inc"
43,"LabSupply, Inc"
44,"LabSupply, Inc"
45,"LabSupply, Inc"
51,UtilitiesOne
52,UtilitiesOne
53,UtilitiesOne
54,UtilitiesOne
55,UtilitiesOne
56,UtilitiesOne
57,UtilitiesOne
58,UtilitiesOne
61,"AdminSupply, Inc"
62,"AdminSupply, Inc"
63,"AdminSupply, Inc"
64,"AdminSupply, Inc"
65,"AdminSupply, Inc"
66,"AdminSupply, Inc"
67,"AdminSupply, Inc"
71,AdvertOne
72,AdvertOne
73,AdvertOne
74,AdvertOne
75,AdvertOne
76,AdvertOne
77,AdvertOne
81,BeSafe Inc
82,BeSafe Inc
83,BeSafe Inc
84,BeSafe Inc
85,BeSafe Inc
86,BeSafe Inc
87,BeSafe Inc
88,BeSafe Inc
